{"cameraMode":{"drawMode":0,"name":"Shaded","section":"Shading Mode"},"sceneLighting":false,"audioPlay":false,"sceneViewState":{"showFog":false,"showMaterialUpdate":false,"showSkybox":false,"showFlares":false,"showImageEffects":false,"showParticleSystems":false},"in2DMode":false,"pivot":{"x":3.481050729751587,"y":0.9330520629882813,"z":106.23908233642578},"rotation":{"x":0.7071068286895752,"y":4.4693307388321559e-10,"z":-4.4693307388321559e-10,"w":0.7071068286895752},"size":96.16043853759766,"orthographic":false}