{"cameraMode":{"drawMode":0,"name":"Shaded","section":"Shading Mode"},"sceneLighting":false,"audioPlay":false,"sceneViewState":{"showFog":false,"showMaterialUpdate":false,"showSkybox":false,"showFlares":false,"showImageEffects":false,"showParticleSystems":false},"in2DMode":false,"pivot":{"x":-9.300662994384766,"y":14.088692665100098,"z":14.44162654876709},"rotation":{"x":-0.22653982043266297,"y":-0.27960821986198428,"z":0.06807219982147217,"w":-0.9305188059806824},"size":3.9133455753326418,"orthographic":false}